Node,Degree Centrality,Closeness Centrality,Betweenness Centrality
V1,1,0.058823529411764705,0.0
V2,2,0.08333333333333333,10.0
V3,3,0.1111111111111111,18.0
V4,3,0.1,13.0
V5,1,0.06666666666666667,0.0
V6,2,0.08333333333333333,3.0
V7,2,0.07692307692307693,2.0
